[Header],,,,,,,,,
IEMFileVersion,4,,,,,,,,
Investigator Name,Some Guy,,,,,,,,
Experiment Name,1,,,,,,,,
Date,10/15/2013,,,,,,,,
Workflow,GenerateFASTQ,,,,,,,,
Application,FASTQ Only,,,,,,,,
Assay,Nextera XT,,,,,,,,
Description,Superbug,,,,,,,,
Chemistry,Amplicon,,,,,,,,
,,,,,,,,,
[Reads],,,,,,,,,
251,,,,,,,,,
250,,,,,,,,,
,,,,,,,,,
[Settings],,,,,,,,,
ReverseComplement,0,,,,,,,,
Adapter,AAAAGGGGAAAAGGGGAAA,,,,,,,,
,,,,,,,,,
[Data],,,,,,,,,
Sample_ID,Sample_Name,Sample_Plate,Sample_Well,I7_Index_ID,index,I5_Index_ID,index2,Sample_Project,Description
sample1,sample1,1,1,N01,AAAAAAAA,S01,TTTTTTTT,6,Super bug 
saample2,sample2,2,2,N02,GGGGGGGG,S02,CCCCCCCC,6,Scary bug 
sample3,sample3,3,3,N03,CCCCCCCC,S03,GGGGGGGG,6,Deadly bug 
